{"cameraMode":{"drawMode":0,"name":"Shaded","section":"Shading Mode"},"sceneLighting":false,"audioPlay":false,"sceneViewState":{"showFog":true,"showMaterialUpdate":false,"showSkybox":false,"showFlares":true,"showImageEffects":true,"showParticleSystems":true},"in2DMode":false,"pivot":{"x":0.07117700576782227,"y":3.3343420028686525,"z":-0.007282257080078125},"rotation":{"x":0.007180999964475632,"y":0.9511867761611939,"z":0.022260405123233796,"w":-0.3080085217952728},"size":5.161699295043945,"orthographic":false}