{"cameraMode":{"drawMode":0,"name":"Shaded","section":"Shading Mode"},"sceneLighting":false,"audioPlay":false,"sceneViewState":{"showFog":true,"showMaterialUpdate":false,"showSkybox":false,"showFlares":true,"showImageEffects":true,"showParticleSystems":true},"in2DMode":false,"pivot":{"x":0.09541916847229004,"y":1.0706433057785035,"z":-0.035087406635284427},"rotation":{"x":-0.1212296187877655,"y":0.017757132649421693,"z":-0.0013512561563402415,"w":-0.9926608800888062},"size":1.6938592195510865,"orthographic":false}