{"cameraMode":{"drawMode":0,"name":"Shaded","section":"Shading Mode"},"sceneLighting":false,"audioPlay":false,"sceneViewState":{"showFog":true,"showMaterialUpdate":false,"showSkybox":false,"showFlares":true,"showImageEffects":true,"showParticleSystems":true},"in2DMode":false,"pivot":{"x":6.612558364868164,"y":3.2518887519836427,"z":-5.996126174926758},"rotation":{"x":-0.008159026503562928,"y":0.9852408170700073,"z":-0.047604095190763476,"w":-0.16513289511203767},"size":1.8817059993743897,"orthographic":false}