{"cameraMode":{"drawMode":0,"name":"Shaded","section":"Shading Mode"},"sceneLighting":true,"audioPlay":false,"sceneViewState":{"showFog":true,"showMaterialUpdate":false,"showSkybox":true,"showFlares":true,"showImageEffects":true,"showParticleSystems":true},"in2DMode":false,"pivot":{"x":-16.304161071777345,"y":-31.022140502929689,"z":65.8456039428711},"rotation":{"x":-0.24147306382656098,"y":0.1320776790380478,"z":-0.0320352166891098,"w":-0.9610572457313538},"size":38.05016326904297,"orthographic":false}