{"cameraMode":{"drawMode":0,"name":"Shaded","section":"Shading Mode"},"sceneLighting":false,"audioPlay":false,"sceneViewState":{"showFog":true,"showMaterialUpdate":false,"showSkybox":false,"showFlares":true,"showImageEffects":true,"showParticleSystems":true},"in2DMode":false,"pivot":{"x":193.82762145996095,"y":112.27507781982422,"z":198.9237518310547},"rotation":{"x":0.054233159869909289,"y":-0.3839830458164215,"z":-0.02185712940990925,"w":-0.9216902852058411},"size":150.38253784179688,"orthographic":false}