{"cameraMode":{"drawMode":0,"name":"Shaded","section":"Shading Mode"},"sceneLighting":false,"audioPlay":false,"sceneViewState":{"showFog":true,"showMaterialUpdate":false,"showSkybox":false,"showFlares":true,"showImageEffects":true,"showParticleSystems":true},"in2DMode":false,"pivot":{"x":7.023303031921387,"y":4.029654502868652,"z":-6.646153450012207},"rotation":{"x":0.2401110827922821,"y":0.016161344945430757,"z":-0.001723013585433364,"w":0.9708957076072693},"size":1.1262853145599366,"orthographic":false}