{"cameraMode":{"drawMode":0,"name":"Shaded","section":"Shading Mode"},"sceneLighting":true,"audioPlay":false,"sceneViewState":{"showFog":true,"showMaterialUpdate":false,"showSkybox":true,"showFlares":true,"showImageEffects":true,"showParticleSystems":true},"in2DMode":false,"pivot":{"x":-5.307178974151611,"y":13.084333419799805,"z":0.1667957305908203},"rotation":{"x":-0.04614199697971344,"y":0.9522647261619568,"z":-0.1803307831287384,"w":-0.2424447238445282},"size":10.0,"orthographic":false}