{"cameraMode":{"drawMode":0,"name":"Shaded","section":"Shading Mode"},"sceneLighting":false,"audioPlay":false,"sceneViewState":{"showFog":true,"showMaterialUpdate":false,"showSkybox":false,"showFlares":true,"showImageEffects":true,"showParticleSystems":true},"in2DMode":false,"pivot":{"x":0.13206017017364503,"y":1.9641376733779908,"z":0.11879265308380127},"rotation":{"x":0.007180999964475632,"y":0.9511867761611939,"z":0.022260405123233796,"w":-0.3080085217952728},"size":3.063425302505493,"orthographic":false}