{"cameraMode":{"drawMode":0,"name":"Shaded","section":"Shading Mode"},"sceneLighting":false,"audioPlay":false,"sceneViewState":{"showFog":true,"showMaterialUpdate":false,"showSkybox":false,"showFlares":true,"showImageEffects":true,"showParticleSystems":true},"in2DMode":false,"pivot":{"x":-0.28285980224609377,"y":-0.0023310184478759767,"z":-0.20624351501464845},"rotation":{"x":-0.1212296187877655,"y":0.017757132649421693,"z":-0.0013512561563402415,"w":-0.9926608800888062},"size":15.217021942138672,"orthographic":false}