{"cameraMode":{"drawMode":0,"name":"Shaded","section":"Shading Mode"},"sceneLighting":true,"audioPlay":false,"sceneViewState":{"showFog":true,"showMaterialUpdate":false,"showSkybox":true,"showFlares":true,"showImageEffects":true,"showParticleSystems":true},"in2DMode":false,"pivot":{"x":1.1176128387451172,"y":-1.1049190759658814,"z":18.277294158935548},"rotation":{"x":0.06268478184938431,"y":-0.017873020842671396,"z":0.0005556955002248287,"w":0.9981170296669006},"size":5.462099075317383,"orthographic":false}