{"cameraMode":{"drawMode":0,"name":"Shaded","section":"Shading Mode"},"sceneLighting":false,"audioPlay":false,"sceneViewState":{"showFog":true,"showMaterialUpdate":false,"showSkybox":false,"showFlares":true,"showImageEffects":true,"showParticleSystems":true},"in2DMode":false,"pivot":{"x":-0.10264921188354492,"y":2.421032428741455,"z":0.18590855598449708},"rotation":{"x":-0.09747745841741562,"y":0.41957879066467287,"z":-0.04535095766186714,"w":-0.9014233946800232},"size":3.91652774810791,"orthographic":false}