{"cameraMode":{"drawMode":0,"name":"Shaded","section":"Shading Mode"},"sceneLighting":false,"audioPlay":false,"sceneViewState":{"showFog":true,"showMaterialUpdate":false,"showSkybox":false,"showFlares":true,"showImageEffects":true,"showParticleSystems":true},"in2DMode":false,"pivot":{"x":11.9173002243042,"y":3.647904396057129,"z":-0.4254683554172516},"rotation":{"x":-0.06799725443124771,"y":0.7187509536743164,"z":0.07090473920106888,"w":0.6884193420410156},"size":10.791499137878418,"orthographic":false}