{"cameraMode":{"drawMode":0,"name":"Shaded","section":"Shading Mode"},"sceneLighting":true,"audioPlay":false,"sceneViewState":{"showFog":true,"showMaterialUpdate":false,"showSkybox":true,"showFlares":true,"showImageEffects":true,"showParticleSystems":true},"in2DMode":false,"pivot":{"x":463.5000305175781,"y":404.3000183105469,"z":0.0},"rotation":{"x":-0.08064737915992737,"y":0.0005831425660289824,"z":0.0003184839733876288,"w":-0.9970515370368958},"size":403.17315673828127,"orthographic":true}