{"cameraMode":{"drawMode":0,"name":"Shaded","section":"Shading Mode"},"sceneLighting":false,"audioPlay":false,"sceneViewState":{"showFog":true,"showMaterialUpdate":false,"showSkybox":false,"showFlares":true,"showImageEffects":true,"showParticleSystems":true},"in2DMode":false,"pivot":{"x":2.056065559387207,"y":8.895305633544922,"z":-22.204395294189454},"rotation":{"x":0.05635608360171318,"y":-0.0188312828540802,"z":-0.0010278718546032906,"w":-0.9983230829238892},"size":5.636105060577393,"orthographic":false}