{"cameraMode":{"drawMode":0,"name":"Shaded","section":"Shading Mode"},"sceneLighting":true,"audioPlay":false,"sceneViewState":{"showFog":true,"showMaterialUpdate":false,"showSkybox":true,"showFlares":true,"showImageEffects":true,"showParticleSystems":true},"in2DMode":false,"pivot":{"x":47.708770751953128,"y":9.070718765258789,"z":85.51759338378906},"rotation":{"x":-0.08514417707920075,"y":-0.8916079998016357,"z":0.19231338798999787,"w":-0.40200796723365786},"size":10.530961036682129,"orthographic":false}