{"cameraMode":{"drawMode":0,"name":"Shaded","section":"Shading Mode"},"sceneLighting":false,"audioPlay":false,"sceneViewState":{"showFog":true,"showMaterialUpdate":false,"showSkybox":false,"showFlares":true,"showImageEffects":true,"showParticleSystems":true},"in2DMode":false,"pivot":{"x":-0.07313883304595947,"y":2.0743582248687746,"z":-0.23764610290527345},"rotation":{"x":-0.09747745841741562,"y":0.41957879066467287,"z":-0.04535095766186714,"w":-0.9014233946800232},"size":3.4289979934692385,"orthographic":false}