{"cameraMode":{"drawMode":0,"name":"Shaded","section":"Shading Mode"},"sceneLighting":false,"audioPlay":false,"sceneViewState":{"showFog":true,"showMaterialUpdate":false,"showSkybox":false,"showFlares":true,"showImageEffects":true,"showParticleSystems":true},"in2DMode":false,"pivot":{"x":-4.525036811828613,"y":-2.676537275314331,"z":1.738206386566162},"rotation":{"x":0.1991702765226364,"y":-0.6665985584259033,"z":0.19109444320201875,"w":0.6926267743110657},"size":4.891104698181152,"orthographic":false}