{"cameraMode":{"drawMode":0,"name":"Shaded","section":"Shading Mode"},"sceneLighting":false,"audioPlay":false,"sceneViewState":{"showFog":true,"showMaterialUpdate":false,"showSkybox":false,"showFlares":true,"showImageEffects":true,"showParticleSystems":true},"in2DMode":false,"pivot":{"x":-4.021763801574707,"y":2.6167495250701906,"z":-4.248547077178955},"rotation":{"x":-0.21641506254673005,"y":-0.4156658947467804,"z":0.10258322954177857,"w":-0.8775951266288757},"size":0.6224696040153503,"orthographic":false}