{"cameraMode":{"drawMode":0,"name":"Shaded","section":"Shading Mode"},"sceneLighting":false,"audioPlay":false,"sceneViewState":{"showFog":true,"showMaterialUpdate":false,"showSkybox":false,"showFlares":true,"showImageEffects":true,"showParticleSystems":true},"in2DMode":false,"pivot":{"x":-2.3296585083007814,"y":2.617732048034668,"z":5.207751274108887},"rotation":{"x":0.007270441856235266,"y":0.35569411516189577,"z":0.002799625275656581,"w":-0.9346611499786377},"size":7.543862342834473,"orthographic":false}