{"cameraMode":{"drawMode":0,"name":"Shaded","section":"Shading Mode"},"sceneLighting":false,"audioPlay":false,"sceneViewState":{"showFog":true,"showMaterialUpdate":false,"showSkybox":false,"showFlares":true,"showImageEffects":true,"showParticleSystems":true},"in2DMode":false,"pivot":{"x":-0.035714149475097659,"y":7.106897354125977,"z":3.1606457233428957},"rotation":{"x":0.0396687276661396,"y":0.8224413990974426,"z":-0.05969543755054474,"w":0.5647210478782654},"size":6.291042327880859,"orthographic":false}