{"cameraMode":{"drawMode":0,"name":"Shaded","section":"Shading Mode"},"sceneLighting":true,"audioPlay":false,"sceneViewState":{"showFog":true,"showMaterialUpdate":false,"showSkybox":true,"showFlares":true,"showImageEffects":true,"showParticleSystems":true},"in2DMode":false,"pivot":{"x":-29.006641387939454,"y":6.014533519744873,"z":263.9158020019531},"rotation":{"x":0.013214701786637307,"y":-0.07631423324346543,"z":0.0004872262361459434,"w":0.99723881483078},"size":125.0090560913086,"orthographic":false}