{"cameraMode":{"drawMode":0,"name":"Shaded","section":"Shading Mode"},"sceneLighting":true,"audioPlay":false,"sceneViewState":{"showFog":true,"showMaterialUpdate":false,"showSkybox":true,"showFlares":true,"showImageEffects":true,"showParticleSystems":true},"in2DMode":false,"pivot":{"x":23.578096389770509,"y":0.533076286315918,"z":3.467050075531006},"rotation":{"x":0.0396687276661396,"y":0.8224413990974426,"z":-0.05969543755054474,"w":0.5647210478782654},"size":13.301794052124024,"orthographic":false}