{"cameraMode":{"drawMode":0,"name":"Shaded","section":"Shading Mode"},"sceneLighting":false,"audioPlay":false,"sceneViewState":{"showFog":true,"showMaterialUpdate":false,"showSkybox":false,"showFlares":true,"showImageEffects":true,"showParticleSystems":true},"in2DMode":false,"pivot":{"x":1.5291088819503785,"y":0.019201725721359254,"z":0.03881344199180603},"rotation":{"x":-0.04268833249807358,"y":0.33662736415863039,"z":-0.015162177383899689,"w":-0.9407106637954712},"size":0.6224696040153503,"orthographic":false}