{"cameraMode":{"drawMode":0,"name":"Shaded","section":"Shading Mode"},"sceneLighting":false,"audioPlay":false,"sceneViewState":{"showFog":true,"showMaterialUpdate":false,"showSkybox":false,"showFlares":true,"showImageEffects":true,"showParticleSystems":true},"in2DMode":false,"pivot":{"x":17.9813232421875,"y":-7.4747419357299809,"z":-137.25680541992188},"rotation":{"x":-0.14349983632564546,"y":-0.6127077341079712,"z":0.1143360286951065,"w":-0.7688235640525818},"size":134.3345947265625,"orthographic":false}