{"cameraMode":{"drawMode":0,"name":"Shaded","section":"Shading Mode"},"sceneLighting":false,"audioPlay":false,"sceneViewState":{"showFog":true,"showMaterialUpdate":false,"showSkybox":false,"showFlares":true,"showImageEffects":true,"showParticleSystems":true},"in2DMode":false,"pivot":{"x":-1.3442802429199219,"y":1.598751187324524,"z":-0.08149808645248413},"rotation":{"x":-0.11007274687290192,"y":0.08699735999107361,"z":-0.009628666564822197,"w":-0.9901431798934937},"size":0.7371107339859009,"orthographic":false}