{"cameraMode":{"drawMode":0,"name":"Shaded","section":"Shading Mode"},"sceneLighting":false,"audioPlay":false,"sceneViewState":{"showFog":true,"showMaterialUpdate":false,"showSkybox":false,"showFlares":true,"showImageEffects":true,"showParticleSystems":true},"in2DMode":false,"pivot":{"x":0.0,"y":-3.000000476837158,"z":-3.5762786865234377e-7},"rotation":{"x":0.0525154210627079,"y":0.9376217722892761,"z":-0.16406932473182679,"w":0.30241066217422488},"size":3.4467382431030275,"orthographic":false}