{"cameraMode":{"drawMode":0,"name":"Shaded","section":"Shading Mode"},"sceneLighting":false,"audioPlay":false,"sceneViewState":{"showFog":true,"showMaterialUpdate":false,"showSkybox":false,"showFlares":true,"showImageEffects":true,"showParticleSystems":true},"in2DMode":false,"pivot":{"x":0.0031816959381103517,"y":0.11820702999830246,"z":-0.014813899993896485},"rotation":{"x":-0.252401739358902,"y":0.1028268113732338,"z":-0.026181085035204889,"w":-0.9619883894920349},"size":0.7852720618247986,"orthographic":false}