{"cameraMode":{"drawMode":0,"name":"Shaded","section":"Shading Mode"},"sceneLighting":false,"audioPlay":false,"sceneViewState":{"showFog":true,"showMaterialUpdate":false,"showSkybox":false,"showFlares":true,"showImageEffects":true,"showParticleSystems":true},"in2DMode":false,"pivot":{"x":-6.690154552459717,"y":-2.206723928451538,"z":4.993610858917236},"rotation":{"x":-0.1527838557958603,"y":0.4463461935520172,"z":-0.07762936502695084,"w":-0.8783942461013794},"size":7.543862342834473,"orthographic":false}