{"cameraMode":{"drawMode":0,"name":"Shaded","section":"Shading Mode"},"sceneLighting":false,"audioPlay":false,"sceneViewState":{"showFog":true,"showMaterialUpdate":false,"showSkybox":false,"showFlares":true,"showImageEffects":true,"showParticleSystems":true},"in2DMode":false,"pivot":{"x":1439.9984130859375,"y":142.96380615234376,"z":-68.3289794921875},"rotation":{"x":-0.2327774465084076,"y":0.11844238638877869,"z":-0.028566932305693628,"w":-0.964948296546936},"size":783.841064453125,"orthographic":false}