{"cameraMode":{"drawMode":0,"name":"Shaded","section":"Shading Mode"},"sceneLighting":true,"audioPlay":false,"sceneViewState":{"showFog":true,"showMaterialUpdate":false,"showSkybox":true,"showFlares":true,"showImageEffects":true,"showParticleSystems":true},"in2DMode":false,"pivot":{"x":4.133490085601807,"y":-6.54611349105835,"z":46.26807403564453},"rotation":{"x":0.13340574502944947,"y":-0.02518007718026638,"z":0.0028431005775928499,"w":0.9909178018569946},"size":29.590713500976564,"orthographic":false}