{"cameraMode":{"drawMode":0,"name":"Shaded","section":"Shading Mode"},"sceneLighting":false,"audioPlay":false,"sceneViewState":{"showFog":true,"showMaterialUpdate":false,"showSkybox":false,"showFlares":true,"showImageEffects":true,"showParticleSystems":true},"in2DMode":false,"pivot":{"x":52.829856872558597,"y":-17.998733520507814,"z":8.679591178894043},"rotation":{"x":-0.14404964447021485,"y":-0.556723952293396,"z":0.09870908409357071,"w":-0.8122373819351196},"size":38.04170227050781,"orthographic":false}