{"cameraMode":{"drawMode":0,"name":"Shaded","section":"Shading Mode"},"sceneLighting":false,"audioPlay":false,"sceneViewState":{"showFog":true,"showMaterialUpdate":false,"showSkybox":false,"showFlares":true,"showImageEffects":true,"showParticleSystems":true},"in2DMode":false,"pivot":{"x":0.10197436809539795,"y":2.4531593322753908,"z":-0.04073226451873779},"rotation":{"x":-0.2970946729183197,"y":0.11481285095214844,"z":-0.03603274002671242,"w":-0.9473005533218384},"size":3.3679518699645998,"orthographic":false}