{"cameraMode":{"drawMode":0,"name":"Shaded","section":"Shading Mode"},"sceneLighting":false,"audioPlay":false,"sceneViewState":{"showFog":true,"showMaterialUpdate":false,"showSkybox":false,"showFlares":true,"showImageEffects":true,"showParticleSystems":true},"in2DMode":false,"pivot":{"x":0.089119553565979,"y":2.384176015853882,"z":0.19825315475463868},"rotation":{"x":-0.2970946729183197,"y":0.11481285095214844,"z":-0.03603274002671242,"w":-0.9473005533218384},"size":3.4144771099090578,"orthographic":false}