{"cameraMode":{"drawMode":0,"name":"Shaded","section":"Shading Mode"},"sceneLighting":false,"audioPlay":false,"sceneViewState":{"showFog":true,"showMaterialUpdate":false,"showSkybox":false,"showFlares":true,"showImageEffects":true,"showParticleSystems":true},"in2DMode":false,"pivot":{"x":-0.0011849403381347657,"y":0.10969714820384979,"z":1.1920928955078126e-7},"rotation":{"x":-0.252401739358902,"y":0.1028268113732338,"z":-0.026181085035204889,"w":-0.9619883894920349},"size":1.657845139503479,"orthographic":false}