{"cameraMode":{"drawMode":0,"name":"Shaded","section":"Shading Mode"},"sceneLighting":false,"audioPlay":false,"sceneViewState":{"showFog":true,"showMaterialUpdate":false,"showSkybox":false,"showFlares":true,"showImageEffects":true,"showParticleSystems":true},"in2DMode":false,"pivot":{"x":4.642805576324463,"y":5.44938325881958,"z":-92.85282135009766},"rotation":{"x":-0.07134326547384262,"y":-0.017338143661618234,"z":0.0012197343166917563,"w":-0.9973631501197815},"size":-11.211597442626954,"orthographic":false}