{"cameraMode":{"drawMode":0,"name":"Shaded","section":"Shading Mode"},"sceneLighting":false,"audioPlay":false,"sceneViewState":{"showFog":true,"showMaterialUpdate":false,"showSkybox":false,"showFlares":true,"showImageEffects":true,"showParticleSystems":true},"in2DMode":false,"pivot":{"x":-0.16524016857147218,"y":4.3873395919799809,"z":-0.3248382806777954},"rotation":{"x":-0.2970946729183197,"y":0.11481285095214844,"z":-0.03603274002671242,"w":-0.9473005533218384},"size":4.942469596862793,"orthographic":false}