{"cameraMode":{"drawMode":0,"name":"Shaded","section":"Shading Mode"},"sceneLighting":false,"audioPlay":false,"sceneViewState":{"showFog":true,"showMaterialUpdate":false,"showSkybox":false,"showFlares":true,"showImageEffects":true,"showParticleSystems":true},"in2DMode":false,"pivot":{"x":0.07212305068969727,"y":3.744917392730713,"z":-0.37596893310546877},"rotation":{"x":-0.1212296187877655,"y":0.017757132649421693,"z":-0.0013512561563402415,"w":-0.9926608800888062},"size":12.131277084350586,"orthographic":false}