{"cameraMode":{"drawMode":0,"name":"Shaded","section":"Shading Mode"},"sceneLighting":true,"audioPlay":false,"sceneViewState":{"showFog":true,"showMaterialUpdate":false,"showSkybox":true,"showFlares":true,"showImageEffects":true,"showParticleSystems":true},"in2DMode":false,"pivot":{"x":34.019535064697269,"y":0.39972051978111269,"z":45.709877014160159},"rotation":{"x":-0.042289894074201587,"y":-0.024488773196935655,"z":0.001060565235093236,"w":-0.9989416599273682},"size":5.424417972564697,"orthographic":false}