{"cameraMode":{"drawMode":0,"name":"Shaded","section":"Shading Mode"},"sceneLighting":true,"audioPlay":false,"sceneViewState":{"showFog":true,"showMaterialUpdate":false,"showSkybox":true,"showFlares":true,"showImageEffects":true,"showParticleSystems":true},"in2DMode":false,"pivot":{"x":36.74531936645508,"y":1.9872263669967652,"z":42.01467514038086},"rotation":{"x":-0.04404231160879135,"y":-0.12427891790866852,"z":0.005640764720737934,"w":-0.9913992881774902},"size":5.370715141296387,"orthographic":false}