{"cameraMode":{"drawMode":0,"name":"Shaded","section":"Shading Mode"},"sceneLighting":false,"audioPlay":false,"sceneViewState":{"showFog":true,"showMaterialUpdate":false,"showSkybox":false,"showFlares":true,"showImageEffects":true,"showParticleSystems":true},"in2DMode":false,"pivot":{"x":0.32434502243995669,"y":-0.00742754340171814,"z":0.2495974600315094},"rotation":{"x":-0.2970946729183197,"y":0.11481285095214844,"z":-0.03603274002671242,"w":-0.9473005533218384},"size":0.3000172972679138,"orthographic":false}