{"cameraMode":{"drawMode":0,"name":"Shaded","section":"Shading Mode"},"sceneLighting":false,"audioPlay":false,"sceneViewState":{"showFog":true,"showMaterialUpdate":false,"showSkybox":false,"showFlares":true,"showImageEffects":true,"showParticleSystems":true},"in2DMode":false,"pivot":{"x":7.219913482666016,"y":3.4419353008270265,"z":-5.961439609527588},"rotation":{"x":-0.07496201246976853,"y":0.5556163787841797,"z":-0.050167862325906757,"w":-0.8267126679420471},"size":1.2817059755325318,"orthographic":false}