{"cameraMode":{"drawMode":0,"name":"Shaded","section":"Shading Mode"},"sceneLighting":false,"audioPlay":false,"sceneViewState":{"showFog":true,"showMaterialUpdate":false,"showSkybox":false,"showFlares":true,"showImageEffects":true,"showParticleSystems":true},"in2DMode":false,"pivot":{"x":48.96757507324219,"y":-0.5918159484863281,"z":0.11335372924804688},"rotation":{"x":0.030936412513256074,"y":-0.26700112223625185,"z":0.008595757186412812,"w":0.963280200958252},"size":93.29216766357422,"orthographic":false}