{"cameraMode":{"drawMode":0,"name":"Shaded","section":"Shading Mode"},"sceneLighting":false,"audioPlay":false,"sceneViewState":{"showFog":true,"showMaterialUpdate":false,"showSkybox":false,"showFlares":true,"showImageEffects":true,"showParticleSystems":true},"in2DMode":false,"pivot":{"x":17.484111785888673,"y":5.323419094085693,"z":-1.2988057136535645},"rotation":{"x":0.15263906121253968,"y":-0.12564358115196229,"z":0.019572488963603975,"w":0.9800864458084106},"size":0.523505449295044,"orthographic":false}