{"cameraMode":{"drawMode":0,"name":"Shaded","section":"Shading Mode"},"sceneLighting":false,"audioPlay":false,"sceneViewState":{"showFog":true,"showMaterialUpdate":false,"showSkybox":false,"showFlares":true,"showImageEffects":true,"showParticleSystems":true},"in2DMode":false,"pivot":{"x":0.029109179973602296,"y":0.01920178532600403,"z":0.038813114166259769},"rotation":{"x":-0.04268833249807358,"y":0.33662736415863039,"z":-0.015162177383899689,"w":-0.9407106637954712},"size":1.8047375679016114,"orthographic":false}