{"cameraMode":{"drawMode":0,"name":"Shaded","section":"Shading Mode"},"sceneLighting":true,"audioPlay":false,"sceneViewState":{"showFog":true,"showMaterialUpdate":false,"showSkybox":true,"showFlares":true,"showImageEffects":true,"showParticleSystems":true},"in2DMode":false,"pivot":{"x":-10.865805625915528,"y":4.0833821296691898,"z":8.205146789550782},"rotation":{"x":-0.006312991958111525,"y":-0.523120641708374,"z":-0.004609054420143366,"w":0.8525119423866272},"size":15.645143508911133,"orthographic":false}