{"cameraMode":{"drawMode":0,"name":"Shaded","section":"Shading Mode"},"sceneLighting":false,"audioPlay":false,"sceneViewState":{"showFog":true,"showMaterialUpdate":false,"showSkybox":false,"showFlares":true,"showImageEffects":true,"showParticleSystems":true},"in2DMode":false,"pivot":{"x":-4.2366180419921879,"y":0.13724040985107423,"z":-76.31349182128906},"rotation":{"x":-0.03801581636071205,"y":0.06804348528385163,"z":-0.0025888942182064058,"w":-0.9970424771308899},"size":98.25312805175781,"orthographic":false}