{"cameraMode":{"drawMode":0,"name":"Shaded","section":"Shading Mode"},"sceneLighting":true,"audioPlay":false,"sceneViewState":{"showFog":true,"showMaterialUpdate":false,"showSkybox":true,"showFlares":true,"showImageEffects":true,"showParticleSystems":true},"in2DMode":false,"pivot":{"x":228.82257080078126,"y":-60.422821044921878,"z":-129.9407958984375},"rotation":{"x":-0.04024399816989899,"y":-0.9326282739639282,"z":0.1102440133690834,"w":-0.3417474925518036},"size":154.39434814453126,"orthographic":false}