{"cameraMode":{"drawMode":0,"name":"Shaded","section":"Shading Mode"},"sceneLighting":false,"audioPlay":false,"sceneViewState":{"showFog":true,"showMaterialUpdate":false,"showSkybox":false,"showFlares":true,"showImageEffects":true,"showParticleSystems":true},"in2DMode":false,"pivot":{"x":-1.1325602531433106,"y":-3.8336799144744875,"z":6.695685386657715},"rotation":{"x":0.29629334807395937,"y":-0.12964604794979096,"z":0.04018709436058998,"w":0.9455433487892151},"size":8.045613288879395,"orthographic":false}