{"cameraMode":{"drawMode":0,"name":"Shaded","section":"Shading Mode"},"sceneLighting":true,"audioPlay":false,"sceneViewState":{"showFog":true,"showMaterialUpdate":false,"showSkybox":true,"showFlares":true,"showImageEffects":true,"showParticleSystems":true},"in2DMode":false,"pivot":{"x":-13.233034133911133,"y":6.390498161315918,"z":12.663687705993653},"rotation":{"x":-0.15435311198234559,"y":-0.47103679180145266,"z":-0.08410774171352387,"w":0.8644787073135376},"size":10.274999618530274,"orthographic":false}