{"cameraMode":{"drawMode":0,"name":"Shaded","section":"Shading Mode"},"sceneLighting":true,"audioPlay":false,"sceneViewState":{"showFog":true,"showMaterialUpdate":false,"showSkybox":true,"showFlares":true,"showImageEffects":true,"showParticleSystems":true},"in2DMode":false,"pivot":{"x":-8.882981300354004,"y":-3.5263211727142336,"z":26.014141082763673},"rotation":{"x":0.08705301582813263,"y":-0.32135942578315737,"z":0.029729178175330163,"w":0.9425904750823975},"size":21.621126174926759,"orthographic":false}