{"cameraMode":{"drawMode":0,"name":"Shaded","section":"Shading Mode"},"sceneLighting":false,"audioPlay":false,"sceneViewState":{"showFog":true,"showMaterialUpdate":false,"showSkybox":false,"showFlares":true,"showImageEffects":true,"showParticleSystems":true},"in2DMode":false,"pivot":{"x":0.2095542997121811,"y":2.7515623569488527,"z":-2.2672388553619386},"rotation":{"x":-0.3161357343196869,"y":-0.008006799034774304,"z":0.0027212619315832855,"w":-0.9488534331321716},"size":3.4467387199401857,"orthographic":false}