{"cameraMode":{"drawMode":0,"name":"Shaded","section":"Shading Mode"},"sceneLighting":false,"audioPlay":false,"sceneViewState":{"showFog":true,"showMaterialUpdate":false,"showSkybox":false,"showFlares":true,"showImageEffects":true,"showParticleSystems":true},"in2DMode":false,"pivot":{"x":0.4752635955810547,"y":-1.125758171081543,"z":-0.3813462257385254},"rotation":{"x":-0.07134326547384262,"y":-0.017338143661618234,"z":0.0012197343166917563,"w":-0.9973631501197815},"size":13.819178581237793,"orthographic":false}