{"cameraMode":{"drawMode":0,"name":"Shaded","section":"Shading Mode"},"sceneLighting":false,"audioPlay":false,"sceneViewState":{"showFog":true,"showMaterialUpdate":false,"showSkybox":false,"showFlares":true,"showImageEffects":true,"showParticleSystems":true},"in2DMode":false,"pivot":{"x":18.004735946655275,"y":-5.3345465660095219,"z":8.408575057983399},"rotation":{"x":0.21002300083637238,"y":0.5633403062820435,"z":-0.15253065526485444,"w":0.784683108329773},"size":15.465497970581055,"orthographic":false}