{"cameraMode":{"drawMode":0,"name":"Shaded","section":"Shading Mode"},"sceneLighting":false,"audioPlay":false,"sceneViewState":{"showFog":true,"showMaterialUpdate":false,"showSkybox":false,"showFlares":true,"showImageEffects":true,"showParticleSystems":true},"in2DMode":false,"pivot":{"x":1.1370468139648438,"y":-21.131248474121095,"z":0.2993488311767578},"rotation":{"x":0.10812978446483612,"y":0.45233777165412905,"z":0.055408600717782977,"w":-0.8836277723312378},"size":34.801490783691409,"orthographic":false}