{"cameraMode":{"drawMode":0,"name":"Shaded","section":"Shading Mode"},"sceneLighting":true,"audioPlay":false,"sceneViewState":{"showFog":true,"showMaterialUpdate":false,"showSkybox":true,"showFlares":true,"showImageEffects":true,"showParticleSystems":true},"in2DMode":false,"pivot":{"x":-44.4568977355957,"y":-21.39035415649414,"z":26.388479232788087},"rotation":{"x":-0.25923269987106326,"y":0.6072648167610169,"z":-0.22304333746433259,"w":-0.717534065246582},"size":24.190128326416017,"orthographic":false}