{"cameraMode":{"drawMode":0,"name":"Shaded","section":"Shading Mode"},"sceneLighting":true,"audioPlay":false,"sceneViewState":{"showFog":true,"showMaterialUpdate":false,"showSkybox":true,"showFlares":true,"showImageEffects":true,"showParticleSystems":true},"in2DMode":false,"pivot":{"x":5.714191436767578,"y":4.857682228088379,"z":49.691593170166019},"rotation":{"x":-0.0864943265914917,"y":0.42689594626426699,"z":-0.040704354643821719,"w":-0.8995715975761414},"size":32.07841110229492,"orthographic":false}