{"cameraMode":{"drawMode":0,"name":"Shaded","section":"Shading Mode"},"sceneLighting":false,"audioPlay":false,"sceneViewState":{"showFog":true,"showMaterialUpdate":false,"showSkybox":false,"showFlares":true,"showImageEffects":true,"showParticleSystems":true},"in2DMode":false,"pivot":{"x":-0.11494803428649903,"y":2.1673636436462404,"z":0.08528614044189453},"rotation":{"x":0.007180999964475632,"y":0.9511867761611939,"z":0.022260405123233796,"w":-0.3080085217952728},"size":3.593348264694214,"orthographic":false}